system,frame_index,vdwaals_kcal_mol,eel_kcal_mol,egb_kcal_mol,esurf_kcal_mol,delta_g_gas_kcal_mol,delta_g_solv_kcal_mol,delta_total_kcal_mol
MERS,0,-43.49780000000001,-1.6308999999998335,10.909599999999953,-4.641493679999999,-45.12870000000212,6.268106319999799,-38.860593680002545
MERS,1,-41.82910000000013,-5.148899999999919,13.722199999999962,-4.455376560000001,-46.97800000000096,9.266823440000103,-37.711176559998584
MERS,2,-39.148699999999856,-3.7699999999993565,12.411500000000169,-4.428118800000007,-42.91869999999807,7.983381200000133,-34.93531879999521
MERS,3,-37.74779999999989,-4.538600000000265,13.078199999999967,-4.328077680000007,-42.28640000000061,8.75012231999986,-33.536277680002115
MERS,4,-45.34770000000015,-3.4371999999999474,13.31480000000007,-4.392825840000002,-48.78490000000078,8.921974160000081,-39.862925840001836
MERS,5,-39.50980000000013,-4.127600000000424,13.088700000000351,-4.39463160000001,-43.637400000000554,8.694068400000454,-34.94333159999874
MERS,6,-41.492000000000026,-5.035200000000508,13.672399999999962,-4.709496240000007,-46.52720000000099,8.962903760000154,-37.564296240000836
MERS,7,-38.7448000000001,-0.6893000000002516,9.569799999999798,-4.225252319999988,-39.43410000000103,5.344547679999824,-34.08955231999757
MERS,8,-45.807900000000146,-7.016299999999468,16.252700000000036,-4.728272400000007,-52.824200000000985,11.5244276000001,-41.29977239999952
MERS,9,-40.87730000000014,-2.633199999999178,11.12460000000016,-4.451201999999999,-43.51049999999728,6.673398000000077,-36.83710199999493
MERS,10,-44.92680000000007,-3.609899999998742,13.57089999999966,-4.595258879999992,-48.53669999999859,8.97564112000008,-39.56105887999668
MERS,11,-45.80340000000006,-4.9266000000000645,14.710600000000053,-4.6869343200000095,-50.730000000001716,10.023665680000128,-40.70633432000228
MERS,12,-42.00009999999984,-4.078199999999779,12.206800000000172,-4.634562960000002,-46.07830000000189,7.572237039999985,-38.50606296000418
MERS,13,-43.48239999999993,-3.3617000000008126,11.691400000000192,-4.571272079999991,-46.84409999999983,7.120127920000272,-39.723972079999555
MERS,14,-44.35160000000002,-9.285699999999366,16.947899999999933,-4.6417024799999975,-53.63730000000007,12.306197520000035,-41.33110248000276
MERS,15,-38.58890000000001,-1.361299999999261,8.946199999999736,-4.1592088799999924,-39.95019999999927,4.7869911199997865,-35.16320887999766
MERS,16,-46.55939999999997,-7.24000000000089,16.42639999999995,-4.591733760000012,-53.799400000001086,11.834666240000164,-41.964733760002744
MERS,17,-42.280900000000074,-3.5038999999999447,12.130500000000314,-4.580390879999997,-45.78479999999979,7.550109120000332,-38.234690880001736
MERS,18,-46.80469999999989,-6.938999999999417,16.26829999999977,-4.780001520000008,-53.74369999999931,11.488298479999804,-42.25540151999973
MERS,19,-40.25310000000007,-7.01270000000056,17.098200000000176,-4.463872560000004,-47.26579999999904,12.63432744000006,-34.631472560002166
MERS,20,-45.38910000000006,-8.261100000000415,16.577899999999985,-4.642205039999998,-53.65020000000139,11.935694959999957,-41.7145050400003
MERS,21,-44.83459999999985,-6.469700000000639,14.583100000000059,-4.683947040000003,-51.30429999999981,9.899152959999913,-41.40514703999967
MERS,22,-40.671600000000055,0.44060000000159505,8.65299999999992,-4.320722880000003,-40.23099999999823,4.332277120000018,-35.8987228800014
MERS,23,-40.37110000000003,-5.050099999999972,13.866500000000041,-4.437359280000001,-45.42120000000068,9.429140720000012,-35.99205927999885
MERS,24,-36.39600000000012,5.321899999999381,3.19829999999987,-3.7906523999999986,-31.074100000001877,-0.5923524000002711,-31.666452400005333
MERS,25,-37.22539999999999,-3.690100000000214,10.692800000000098,-4.198415039999995,-40.91550000000021,6.494384959999989,-34.42111503999544
MERS,26,-43.549200000000035,-4.5010999999989245,12.493599999999917,-4.429316159999992,-48.050300000001236,8.064283839999954,-39.986016160000375
MERS,27,-42.181099999999994,-4.501800000000568,13.784800000000072,-4.565519280000012,-46.6829000000001,9.219280720000032,-37.46361927999779
MERS,28,-48.101899999999866,-6.976900000000082,16.35810000000002,-4.66892424000001,-55.07880000000063,11.68917576000014,-43.389624239998675
MERS,29,-45.10239999999999,-9.10180000000162,18.6789000000001,-4.592365920000002,-54.204200000000924,14.086534080000156,-40.11766592000032
MERS,30,-46.45229999999996,-5.247699999999099,14.8826000000002,-4.624814159999998,-51.699999999998155,10.257785839999919,-41.4422141599946
MERS,31,-38.64820000000002,-2.8891999999994162,11.53280000000035,-4.344009840000002,-41.53740000000011,7.188790160000362,-34.3486098399977
MERS,32,-42.153299999999966,-0.9900000000013982,7.710200000000006,-4.15479312000001,-43.14330000000136,3.555406880000067,-39.587893119999706
MERS,33,-43.334599999999966,-5.614900000000798,13.523999999999866,-4.368884399999999,-48.94950000000099,9.155115599999867,-39.79438439999885
MERS,34,-43.6245,-1.4255999999996583,11.820800000000041,-4.5846424799999905,-45.05009999999807,7.236157519999994,-37.813942479995795
MERS,35,-40.19130000000001,-1.98509999999942,11.328400000000132,-4.436895599999987,-42.17639999999898,6.891504399999988,-35.28489559999899
MERS,36,-39.786500000000046,-0.5844999999998599,9.615800000000078,-4.59139464000001,-40.37099999999991,5.024405360000168,-35.3465946399977
MERS,37,-45.724999999999966,-5.385100000000392,14.178799999999834,-4.5918504000000135,-51.11010000000036,9.586949599999777,-41.52315040000013
MERS,38,-40.76490000000009,-4.663499999998674,13.607100000000043,-4.558970160000012,-45.42839999999922,9.048129840000103,-36.38027015999889
MERS,39,-43.46140000000004,-4.482300000000002,13.328400000000089,-4.514680800000006,-47.943700000000035,8.813719199999998,-39.12998079999777
MERS,40,-41.343000000000046,-6.189499999999899,14.806800000000216,-4.484063520000005,-47.5325000000004,10.322736480000197,-37.20976351999793
MERS,41,-45.631199999999936,-2.456099999998923,13.955499999999931,-4.914485279999999,-48.08729999999954,9.041014719999946,-39.04628527999664
MERS,42,-44.20450000000007,-5.0132000000010315,13.745500000000103,-4.830746399999997,-49.217700000002004,8.914753599999907,-40.302946399999826
MERS,43,-43.69449999999992,0.15720000000022338,10.75309999999965,-4.7509020000000035,-43.53729999999765,6.002197999999803,-37.53510199999626
MERS,44,-45.3349000000001,-2.940100000000154,12.708999999999675,-4.573759679999997,-48.275000000000475,8.135240319999664,-40.13975968000218
MERS,45,-44.443899999999836,-3.92860000000006,14.604999999999965,-4.803253200000004,-48.372499999999214,9.801746800000359,-38.57075319999658
MERS,46,-43.24049999999979,-4.3270999999996,13.877800000000004,-4.817491919999984,-47.567600000001214,9.060308079999864,-38.50729192000226
MERS,47,-46.23359999999995,-5.724199999999911,15.214900000000014,-4.717548000000011,-51.95779999999918,10.497351999999974,-41.46044799999807
MERS,48,-40.244999999999976,-3.7960999999993135,12.137800000000299,-4.507122960000009,-44.041099999998835,7.63067704000019,-36.410422959997966
MERS,49,-45.105500000000006,-3.7866999999991506,12.559300000000434,-4.55674320000001,-48.89219999999892,8.002556800000423,-40.889643199997366
MERS,50,-43.138700000000114,-0.247600000000606,11.375800000000211,-4.575191039999994,-43.386300000001626,6.800608960000247,-36.585691040001606
MERS,51,-42.412000000000106,-1.0059999999996094,10.554199999999996,-4.3470244800000035,-43.41800000000108,6.207175520000035,-37.210824480000134
MERS,52,-47.011899999999976,-5.600799999998937,16.73919999999987,-4.734245520000003,-52.612699999997545,12.004954479999881,-40.60774551999948
MERS,53,-46.33650000000006,-1.6312000000006535,14.017199999999935,-4.997293199999998,-47.96770000000049,9.019906799999937,-38.947793200000326
MERS,54,-37.75109999999996,-0.6337000000004664,8.410400000000205,-3.7335866399999986,-38.38480000000179,4.676813360000278,-33.70798664000219
MERS,55,-40.96889999999993,-1.9757000000011367,10.378799999999876,-4.3262287199999925,-42.94460000000106,6.052571279999869,-36.89202871999892
MERS,56,-40.476599999999955,-1.3415000000007673,8.779799999999998,-3.9034526400000042,-41.818100000001174,4.876347359999951,-36.94175264000008
MERS,57,-39.43850000000013,-3.4844999999993647,11.16590000000004,-4.249200960000002,-42.92299999999881,6.916699040000093,-36.00630095999622
MERS,58,-37.39780000000003,-1.4891000000004162,9.988199999999921,-4.36606272,-38.886900000002036,5.622137279999935,-33.26476271999892
MERS,59,-43.0834000000001,-8.862700000000007,17.412299999999753,-4.3939648799999915,-51.94609999999987,13.018335119999648,-38.92776487999977
MERS,60,-36.898799999999916,1.043200000000482,7.0064999999998445,-4.1384649599999905,-35.85559999999784,2.8680350399998247,-32.98756495999779
MERS,61,-40.56429999999999,-5.9083000000008035,14.150200000000167,-4.614968879999986,-46.47260000000057,9.535231120000166,-36.93736888000131
MERS,62,-34.666200000000075,-4.052299999999402,11.195700000000125,-4.35206952,-38.71849999999971,6.843630480000183,-31.874869520000203
MERS,63,-40.526199999999996,-2.2452999999998653,11.845699999999995,-4.3708586400000105,-42.77149999999986,7.474841360000127,-35.29665863999928
MERS,64,-42.329399999999914,-0.7906999999994753,11.067999999999909,-4.602286079999996,-43.12009999999984,6.465713919999956,-36.65438608000216
MERS,65,-44.5352,-3.6994999999995137,12.784700000000031,-4.709935440000024,-48.23469999999952,8.074764560000036,-40.159935439999714
MERS,66,-33.952499999999965,1.3640999999997447,6.246299999999673,-3.8168445600000065,-32.588400000000675,2.4294554399997654,-30.158944559997273
MERS,67,-46.43319999999994,-6.8976999999994035,16.31729999999984,-4.7491358399999966,-53.33089999999912,11.568164159999927,-41.76273583999623
MERS,68,-40.9288000000001,-3.240599999999681,12.553499999999897,-4.535660879999991,-44.16940000000092,8.017839119999977,-36.151560880001625
MERS,69,-43.47300000000017,-5.009799999999984,13.70039999999998,-4.402825919999994,-48.48280000000129,9.297574079999972,-39.18522591999814
MERS,70,-45.96079999999994,-5.379899999999193,14.630600000000113,-4.527145440000007,-51.340700000000496,10.10345456000012,-41.237245439999235
MERS,71,-42.949699999999936,-5.068499999999268,14.452599999999713,-4.590595439999987,-48.0181999999992,9.862004559999669,-38.156195440000445
MERS,72,-39.36469999999981,-5.136300000001416,14.257800000000282,-4.6128880800000065,-44.50100000000077,9.644911920000332,-34.85608808000112
MERS,73,-42.571699999999964,-6.0474999999991965,14.370000000000122,-4.499718479999991,-48.61919999999961,9.870281519999988,-38.748918479997805
MERS,74,-41.30809999999998,-5.868499999999141,13.181500000000009,-4.464350639999999,-47.176599999998444,8.717149359999853,-38.45945064000359
MERS,75,-41.10740000000006,-3.9089000000001732,11.782100000000014,-4.295806559999999,-45.01629999999955,7.486293440000114,-37.5300065600008
MERS,76,-43.69120000000003,-7.76610000000138,15.68959999999999,-4.523958720000002,-51.4573000000005,11.165641280000074,-40.29165871999975
MERS,77,-44.56550000000004,-3.579700000000315,14.836900000000016,-4.292640719999999,-48.145200000000585,10.544259279999988,-37.600940720002875
MERS,78,-40.08789999999999,-6.416499999999893,15.04739999999994,-4.426674480000008,-46.50440000000011,10.620725519999946,-35.883674480001986
MERS,79,-42.01309999999987,-6.006000000000839,14.356300000000054,-4.47896519999999,-48.01910000000094,9.877334799999907,-38.14176520000103
MERS,80,-40.4246,-4.879700000001357,13.621900000000016,-4.373630639999998,-45.30430000000091,9.248269359999947,-36.05603064000255
MERS,81,-41.42009999999993,-5.476000000000116,14.09270000000011,-4.477096800000006,-46.89610000000141,9.615603200000091,-37.28049680000154
MERS,82,-38.907199999999804,-7.067699999999867,15.334800000000005,-4.429871279999995,-45.97490000000012,10.904928719999967,-35.069971279999244
MERS,83,-39.84860000000009,-2.367200000001503,11.357500000000044,-4.2860124000000015,-42.21580000000341,7.0714875999999585,-35.14431240000005
MERS,84,-37.951799999999864,-1.4217000000001292,12.053500000000017,-4.508477279999996,-39.3735000000009,7.545022719999837,-31.82847728000175
MERS,85,-43.389100000000184,-7.594600000000348,15.48810000000007,-4.701407760000004,-50.98370000000213,10.786692240000123,-40.197007759999046
MERS,86,-38.16809999999978,-2.4454000000017793,11.015000000000141,-4.502898719999995,-40.6135000000027,6.512101280000273,-34.101398720004475
MERS,87,-43.95639999999987,-7.408900000000301,17.698699999999853,-4.573403279999997,-51.36529999999972,13.12529671999974,-38.24000327999861
MERS,88,-38.113800000000005,2.412500000000975,5.624199999999924,-4.014024479999998,-35.7012999999988,1.6101755199998689,-34.09112447999757
MERS,89,-41.87149999999987,0.24410000000017362,8.827200000000037,-4.6131501599999964,-41.62739999999833,4.214049840000268,-37.41335016000216
MERS,90,-37.71800000000001,-3.0998999999992343,10.496899999999888,-4.153226400000002,-40.81789999999993,6.343673599999729,-34.47422640000247
MERS,91,-42.39240000000006,-5.294899999999828,13.37190000000011,-4.663828079999989,-47.68729999999875,8.708071920000021,-38.979228079997135
MERS,92,-38.97630000000001,-2.2856999999994727,10.654999999999902,-4.342845600000004,-41.262000000000164,6.312154399999969,-34.949845599998376
MERS,93,-38.74670000000015,-7.7259000000002125,16.260400000000327,-4.533351120000003,-46.472600000001506,11.727048880000268,-34.74555111999942
MERS,94,-40.037200000000105,-1.33449999999916,9.830399999999916,-4.307811839999996,-41.37169999999881,5.522588159999948,-35.84911183999749
MERS,95,-41.94520000000007,-0.9446999999990773,11.725500000000167,-4.538431440000008,-42.88989999999869,7.187068560000331,-35.702831439998135
MERS,96,-42.28449999999989,-4.484000000000666,13.675800000000148,-4.69074240000001,-46.768499999999875,8.985057600000152,-37.78344239999904
MERS,97,-39.57599999999992,-3.084700000000968,11.237800000000275,-4.596225840000017,-42.66070000000157,6.641574160000287,-36.01912584000674
MERS,98,-42.92280000000004,-4.3073999999989,13.557700000000114,-4.689917280000003,-47.23019999999893,8.867782720000069,-38.36241727999705
MERS,99,-39.11139999999996,-4.696099999998957,13.176000000000027,-4.818747599999988,-43.807499999996196,8.357252400000181,-35.450247599996466
SARS1,0,-22.767799999999998,-2.4734999999996425,8.017600000000051,-2.703941279999992,-25.24129999999964,5.313658720000053,-19.927641279999364
SARS1,1,-23.472499999999943,-2.797300000001016,7.494599999999879,-2.4621609599999994,-26.269800000001414,5.032439039999794,-21.237360960003663
SARS1,2,-30.18419999999989,-1.930199999999946,7.77350000000005,-2.9062663200000016,-32.11439999999983,4.867233680000041,-27.247166319997746
SARS1,3,-19.648700000000005,-4.055500000000411,8.138800000000112,-2.2654425599999968,-23.704199999999965,5.87335744000003,-17.830842559999027
SARS1,4,-21.123200000000097,-0.7092999999989829,5.236100000000004,-2.346961679999997,-21.832500000000444,2.8891383200000575,-18.943361680000848
SARS1,5,-24.89400000000003,0.5121000000009843,5.4140000000000175,-2.6042615999999947,-24.381899999999273,2.8097384000001924,-21.572161599999532
SARS1,6,-31.77800000000002,-4.573100000000043,11.428599999999806,-3.060595440000002,-36.35109999999983,8.368004559999761,-27.983095440001208
SARS1,7,-31.415499999999902,-2.4213999999999523,10.032900000000037,-3.143418479999996,-33.83689999999963,6.88948152000002,-26.947418480000515
SARS1,8,-25.795200000000023,1.3972000000012095,6.562299999999956,-2.6618817600000044,-24.397999999998355,3.900418239999773,-20.49758175999881
SARS1,9,-27.228500000000018,-0.8742999999985628,8.006399999999907,-2.8075644000000004,-28.102799999997444,5.198835600000006,-22.903964399996525
SARS1,10,-23.843100000000007,-1.6462999999986643,7.307300000000058,-2.335132079999999,-25.489399999998902,4.972167920000144,-20.517232079999438
SARS1,11,-31.92939999999998,-4.821200000000264,12.279600000000007,-3.206110320000002,-36.75060000000002,9.073489679999913,-27.67711032000033
SARS1,12,-35.012699999999924,-5.749499999999927,14.109900000000087,-3.387498480000007,-40.762199999999396,10.72240152000008,-30.03979847999772
SARS1,13,-32.262299999999975,-5.564999999999614,14.622600000000146,-3.053752560000006,-37.82730000000027,11.56884744000009,-26.258452559999952
SARS1,14,-30.12690000000002,-4.595800000001002,12.797799999999917,-3.0144261599999984,-34.72270000000057,9.783373839999804,-24.939326160000533
SARS1,15,-31.10820000000001,-4.0610999999998825,10.856299999999978,-3.172182479999997,-35.16930000000012,7.6841175199999245,-27.485182480000653
SARS1,16,-29.08089999999998,-4.209600000000009,11.618300000000009,-2.940358319999998,-33.29049999999976,8.677941679999918,-24.612558319999607
SARS1,17,-31.418899999999965,-3.921699999999287,11.551999999999992,-2.9800807199999984,-35.34059999999971,8.571919279999902,-26.768680719998216
SARS1,18,-29.36349999999984,-3.1604999999996615,10.528500000000044,-3.1210408799999962,-32.52400000000087,7.4074591199999205,-25.116540879999576
SARS1,19,-30.223400000000076,-6.591800000000674,13.524299999999833,-3.0683440799999975,-36.81520000000098,10.45595591999985,-26.359244080001126
SARS1,20,-32.58440000000007,-5.667599999999879,14.323000000000103,-3.149970479999997,-38.25199999999859,11.173029520000277,-27.07897047999876
SARS1,21,-30.664999999999807,-2.7657000000001943,11.588300000000022,-3.085741439999989,-33.43069999999909,8.502558560000061,-24.928141439997447
SARS1,22,-33.26570000000003,-5.929999999999993,13.284099999999999,-3.1511620800000038,-39.195699999999796,10.132937920000122,-29.062762079998308
SARS1,23,-32.25999999999994,-3.8873000000004865,12.00369999999998,-3.0212438400000066,-36.147299999998836,8.982456159999952,-27.16484383999797
SARS1,24,-32.41930000000009,-6.909200000000357,14.252000000000047,-3.2117306400000123,-39.32850000000068,11.040269359999964,-28.288230639999355
SARS1,25,-33.177099999999925,-6.564599999999885,13.824500000000011,-3.198049919999986,-39.741699999999355,10.626450080000053,-29.115249919999755
SARS1,26,-32.42130000000018,-3.833299999999827,12.333800000000181,-3.160334160000006,-36.25460000000069,9.17346584000014,-27.081134160000097
SARS1,27,-31.525999999999932,-4.759799999999338,13.87130000000001,-3.467864159999994,-36.28579999999859,10.403435840000116,-25.88236416000052
SARS1,28,-32.35349999999982,-2.6555999999995024,10.634899999999963,-3.068948880000004,-35.00910000000023,7.565951120000101,-27.443148880000138
SARS1,29,-29.11199999999994,-7.123000000000754,15.412400000000092,-3.1267936799999885,-36.23500000000024,12.285606320000289,-23.94939368000223
SARS1,30,-29.260900000000014,-4.3572000000010505,13.163900000000208,-2.9570831999999903,-33.618100000001974,10.206816800000075,-23.411283200000305
SARS1,31,-30.099800000000037,-6.03729999999981,14.075700000000019,-3.29370984,-36.137099999999165,10.781990160000062,-25.35510984000024
SARS1,32,-30.908899999999885,-2.27290000000108,10.354399999999961,-3.2584708800000035,-33.18180000000028,7.095929120000008,-26.085870880000506
SARS1,33,-34.2331999999999,-4.842599999998701,12.959000000000083,-3.261451679999997,-39.07579999999905,9.69754831999993,-29.37825167999776
SARS1,34,-33.34000000000005,-5.584899999998601,13.241499999999906,-3.0295339200000004,-38.924899999999106,10.211966079999963,-28.712933919999593
SARS1,35,-31.83700000000003,-6.364999999999984,13.726300000000094,-3.201564240000004,-38.201999999998876,10.52473576000002,-27.677264240000675
SARS1,36,-33.386799999999916,-2.2789000000006503,11.964200000000101,-3.468345839999998,-35.66570000000057,8.495854160000054,-27.169845840000285
SARS1,37,-25.38109999999984,-1.4059000000001909,8.548200000000055,-2.851490879999988,-26.787000000000717,5.696709120000145,-21.090290880000346
SARS1,38,-32.01850000000004,-5.733600000001189,13.152200000000077,-3.068088480000006,-37.752100000000546,10.084111520000022,-27.667988479999387
SARS1,39,-28.325799999999813,-3.2835999999989873,11.503300000000115,-2.889740159999998,-31.609399999999255,8.613559840000097,-22.995840159999155
SARS1,40,-33.411999999999814,-7.948799999999402,15.365000000000032,-3.194901359999997,-41.3607999999999,12.170098640000013,-29.19070136000102
SARS1,41,-29.246499999999973,-3.0976999999993318,10.105699999999924,-2.7743616000000024,-32.344199999999304,7.331338400000057,-25.012861599998786
SARS1,42,-33.4722,-5.287799999999056,13.985899999999987,-3.216555359999998,-38.7599999999986,10.769344640000138,-27.990655359997554
SARS1,43,-31.400400000000023,-5.003299999999818,13.038100000000087,-2.9607055200000003,-36.403699999999844,10.077394480000116,-26.32630552000063
SARS1,44,-33.342000000000006,-0.2523000000001119,9.292599999999936,-3.245467679999995,-33.59430000000057,6.047132320000012,-27.54716768000079
SARS1,45,-27.137999999999817,-3.444600000000385,10.925699999999892,-2.6918344800000145,-30.58260000000043,8.233865519999977,-22.348734480001127
SARS1,46,-36.052400000000034,-3.576299999999538,12.884400000000092,-3.313389599999998,-39.628699999999114,9.571010400000237,-30.0576895999982
SARS1,47,-26.178099999999812,-8.752600000000289,14.609899999999849,-2.928851280000003,-34.930699999999646,11.681048720000023,-23.24965128000008
SARS1,48,-32.484300000000125,-3.5940000000002605,11.942000000000123,-3.368931839999995,-36.078300000001065,8.57306816000017,-27.505231840001805
SARS1,49,-32.77070000000008,-5.385999999999836,12.419199999999975,-3.2003668800000034,-38.15669999999947,9.218833119999772,-28.937866879997877
SARS1,50,-32.590999999999916,-4.625200000001357,12.237099999999934,-3.177349200000001,-37.216200000001045,9.05975079999989,-28.156449200000473
SARS1,51,-29.065299999999876,-0.8431000000013178,9.068600000000078,-3.0849307200000067,-29.908400000002104,5.983669280000129,-23.924730720001754
SARS1,52,-38.136499999999906,-1.6874000000009808,11.589699999999874,-3.3452330399999877,-39.823900000000435,8.244466959999773,-31.57943304000112
SARS1,53,-30.985099999999985,-3.5645999999998565,12.251300000000079,-3.0935851199999984,-34.54970000000007,9.157714880000102,-25.39198511999951
SARS1,54,-34.12229999999986,-4.262800000001167,12.177099999999898,-3.20382792,-38.38510000000103,8.973272079999806,-29.411827920000086
SARS1,55,-33.56830000000013,-3.9271999999991856,12.894199999999925,-3.2202468000000084,-37.49550000000068,9.673953200000016,-27.821546800002707
SARS1,56,-32.543099999999924,-5.702999999999808,14.380100000000054,-3.291583680000005,-38.246099999999956,11.088516320000263,-27.15758368000037
SARS1,57,-31.85259999999986,-4.506299999999758,12.432999999999984,-2.91753936,-36.358900000000304,9.51546064000016,-26.843439360001277
SARS1,58,-32.79150000000017,-6.235500000000016,14.9957,-3.323765520000003,-39.02699999999905,11.671934479999912,-27.35506551999891
SARS1,59,-31.401199999999907,-6.627100000001004,15.16920000000001,-3.217480559999991,-38.028300000000456,11.951719439999877,-26.076580560001716
SARS1,60,-32.82890000000013,-7.595399999998733,15.327500000000118,-3.0644380799999955,-40.42429999999932,12.26306192000008,-28.161238079997425
SARS1,61,-29.54619999999997,-6.361899999998776,12.362700000000098,-2.927268720000003,-35.908099999998065,9.435431280000167,-26.47266871999699
SARS1,62,-32.404799999999824,-5.066299999998552,12.535800000000057,-3.1358772000000013,-37.47109999999837,9.399922800000105,-28.071177199998722
SARS1,63,-26.022800000000007,-4.878900000000197,11.419199999999922,-2.6655357600000014,-30.90170000000066,8.7536642399998,-22.148035760001093
SARS1,64,-30.397899999999872,-5.047299999999797,12.541600000000155,-3.16801656000001,-35.445200000000355,9.373583440000102,-26.071616560001388
SARS1,65,-29.66949999999985,-5.131600000001143,12.095000000000073,-2.860150320000003,-34.80110000000099,9.234849679999957,-25.56625032000217
SARS1,66,-28.441300000000076,-5.624599999999425,13.98839999999989,-3.1604018400000076,-34.06589999999973,10.827998159999826,-23.23790183999899
SARS1,67,-29.48110000000017,-3.268299999999293,10.315300000000004,-2.668327920000001,-32.749399999999234,7.646972080000138,-25.102427919997965
SARS1,68,-35.11340000000006,0.5101000000000155,7.829099999999876,-3.1084221600000044,-34.6033000000005,4.720677839999837,-29.88262216000021
SARS1,69,-32.139400000000045,3.110699999999369,6.319600000000042,-3.1977280799999983,-29.028700000000903,3.121871919999929,-25.906828080002335
SARS1,70,-29.121100000000055,1.3796000000001065,8.181899999999823,-3.1887662400000085,-27.741500000001086,4.993133759999921,-22.74836624000139
SARS1,71,-30.03489999999997,-6.687200000000054,12.326500000000037,-2.743727039999987,-36.72210000000162,9.582772959999872,-27.13932704000038
SARS1,72,-32.03029999999995,-5.040699999999859,13.433500000000079,-3.4670181600000003,-37.070999999999124,9.966481840000135,-27.10451815999967
SARS1,73,-30.767300000000056,-5.270200000000479,12.66740000000006,-3.1658680799999983,-36.03750000000099,9.501531920000048,-26.535968079999577
SARS1,74,-23.82039999999993,-5.90070000000037,10.960000000000013,-2.2972391999999986,-29.721100000000526,8.662760799999909,-21.058339199999025
SARS1,75,-32.67340000000012,-6.435899999998803,15.30109999999983,-3.2717807999999984,-39.109299999998015,12.029319199999945,-27.07998079999807
SARS1,76,-31.300200000000068,-2.2979999999999734,11.834300000000166,-3.145454640000003,-33.59819999999936,8.688845360000169,-24.909354640001013
SARS1,77,-27.415400000000183,-3.1228000000007583,10.058499999999864,-2.8655488800000057,-30.53820000000026,7.192951119999787,-23.345248879999787
SARS1,78,-29.733400000000092,-0.6061999999996424,8.015000000000057,-3.295039679999988,-30.339600000000644,4.719960320000062,-25.61963968000058
SARS1,79,-37.611600000000045,-3.721399999999953,12.529000000000018,-3.5829345600000053,-41.333000000001135,8.946065439999977,-32.38693456000025
SARS1,80,-19.09109999999995,1.0908000000002964,3.6711000000001643,-2.023902000000008,-18.000299999999655,1.6471980000001416,-16.35310200000019
SARS1,81,-22.03460000000006,-5.013300000000438,10.765900000000057,-2.6942904000000016,-27.047899999999814,8.07160960000019,-18.97629039999962
SARS1,82,-24.40779999999996,-8.572599999999117,15.058800000000124,-2.9399817599999998,-32.98039999999726,12.118818240000031,-20.861581759997456
SARS1,83,-27.124800000000015,-4.558000000000106,10.5949000000001,-2.444050800000006,-31.68279999999944,8.150849200000158,-23.53195079999746
SARS1,84,-26.934,-8.27339999999987,14.527499999999808,-2.743257600000003,-35.20739999999942,11.784242399999926,-23.423157599998575
SARS1,85,-24.45810000000005,-1.5487000000001352,8.835199999999988,-2.536444080000009,-26.006800000000414,6.298755919999886,-19.708044080003027
SARS1,86,-22.102200000000032,-1.7165000000016981,7.101600000000014,-2.1173724000000003,-23.818700000000824,4.98422760000007,-18.834472400002802
SARS1,87,-26.052899999999877,-1.4080000000004702,6.6611999999999,-2.4911661599999992,-27.460900000000347,4.170033839999972,-23.290866160002423
SARS1,88,-18.193000000000133,-0.36739999999930006,4.6164000000001355,-2.0075140799999915,-18.560399999999206,2.60888592000013,-15.951514079999306
SARS1,89,-33.0714999999999,0.5560000000007292,9.311599999999904,-3.2035032000000023,-32.515499999998035,6.108096799999775,-26.407403199998484
SARS1,90,-37.00830000000014,-1.7043000000007176,10.334399999999814,-3.415242960000001,-38.712600000001316,6.9191570399996785,-31.79344296000209
SARS1,91,-34.897499999999944,-2.6758000000013453,11.014399999999922,-3.2731185599999963,-37.57330000000174,7.741281439999918,-29.832018560003185
SARS1,92,-35.27420000000005,-5.141200000001049,14.18250000000001,-3.301508879999997,-40.41539999999996,10.88099111999997,-29.534408879997947
SARS1,93,-33.11260000000007,-6.670399999999923,14.502800000000102,-2.989481760000008,-39.783000000001586,11.513318240000102,-28.269681760001944
SARS1,94,-32.40579999999998,-2.916100000001329,10.450299999999928,-3.1380875999999938,-35.32190000000131,7.312212399999728,-28.009687599999985
SARS1,95,-20.84269999999983,-0.9122999999990498,7.160500000000015,-2.3923252800000068,-21.754999999998653,4.768174719999831,-16.986825279997007
SARS1,96,-25.326900000000126,-0.8907999999999205,6.977800000000055,-2.5652786400000016,-26.217700000000047,4.412521360000145,-21.805178640000356
SARS1,97,-28.19090000000005,-0.6162000000008554,7.285299999999873,-2.4887772000000097,-28.807099999999995,4.796522799999764,-24.01057719999909
SARS1,98,-30.71629999999992,-1.3227999999988107,9.562000000000106,-2.781843119999994,-32.039099999998726,6.780156880000126,-25.258943119998598
SARS1,99,-27.308200000000216,3.035999999999923,6.749600000000083,-3.2328331199999933,-24.272199999999156,3.5167668800001035,-20.755433119999964
NL63,0,-34.1033999999999,-4.012099999999606,10.439599999999945,-3.1312850399999963,-38.11549999999916,7.308314959999786,-30.80718503999892
NL63,1,-40.403600000000054,-7.0167999999999715,14.960400000000092,-3.7469131199999968,-47.42040000000036,11.213486880000117,-36.20691311999956
NL63,2,-37.55250000000006,-5.111699999999988,11.98349999999997,-3.5867599199999978,-42.66420000000096,8.396740079999958,-34.267459920000775
NL63,3,-38.39579999999993,-5.83590000000077,12.98360000000002,-3.5776367999999983,-44.2317000000007,9.405963199999993,-34.82573679999957
NL63,4,-36.22339999999995,-3.9602999999996413,11.457099999999869,-3.2431392000000057,-40.18369999999925,8.2139607999999,-31.96973919999867
NL63,5,-40.09489999999998,-4.91539999999992,12.672599999999814,-3.683628720000004,-45.01029999999945,8.988971279999802,-36.0213287199985
NL63,6,-38.29989999999999,-8.217299999999849,15.180300000000003,-3.519771119999996,-46.517199999999264,11.66052888,-34.856671119999035
NL63,7,-35.591399999999965,-8.01010000000031,16.440999999999807,-3.6443023200000018,-43.60149999999993,12.796697679999877,-30.804802320001194
NL63,8,-38.258500000000076,-6.517599999999966,14.649599999999984,-3.7338213600000003,-44.77610000000027,10.91577864000004,-33.86032136000023
NL63,9,-35.94840000000005,-6.996199999999309,14.292099999999925,-3.6035654399999957,-42.944599999999475,10.688534559999852,-32.25606544000076
NL63,10,-41.52850000000005,-7.730899999999867,16.03689999999998,-3.916513439999997,-49.2594000000006,12.120386560000021,-37.13901344000104
NL63,11,-39.52909999999997,-1.9385000000000723,9.90340000000001,-3.4605331199999982,-41.4676000000005,6.442866880000089,-35.02473312000064
NL63,12,-37.499400000000016,-3.4775999999998213,11.28529999999996,-3.5552534400000044,-40.97700000000041,7.730046559999941,-33.24695343999933
NL63,13,-41.04110000000008,-3.041299999999975,10.451100000000034,-3.5617658400000014,-44.082399999999936,6.8893341600000895,-37.193065839999164
NL63,14,-38.079400000000106,-8.51289999999987,15.835100000000049,-3.6911858400000046,-46.592300000001224,12.143914160000023,-34.4483858400012
NL63,15,-35.30429999999998,-7.093600000000247,14.458600000000057,-3.7090223999999994,-42.39789999999965,10.74957760000003,-31.64832239999872
NL63,16,-39.122,-7.658900000000035,17.27409999999986,-3.768716159999998,-46.78089999999935,13.505383839999817,-33.27551616000089
NL63,17,-42.63719999999997,-0.38469999999995963,8.48979999999992,-3.748171680000004,-43.02189999999959,4.741628319999888,-38.28027167999857
NL63,18,-39.69820000000003,-11.394200000000634,17.921399999999792,-3.698416080000002,-51.092400000001454,14.222983919999859,-36.86941608000023
NL63,19,-37.10429999999995,-8.044000000000477,14.807299999999987,-3.5082820799999967,-45.148300000000084,11.29901791999984,-33.84928207999933
NL63,20,-36.74989999999999,-3.120100000000285,10.431399999999885,-3.495686400000006,-39.86999999999959,6.93571359999995,-32.93428640000078
NL63,21,-36.833299999999994,-5.411299999999805,13.111799999999882,-3.5413639199999998,-42.24460000000036,9.570436079999938,-32.67416392000043
NL63,22,-38.59959999999996,-4.639700000000179,12.921800000000044,-3.807399599999998,-43.23929999999855,9.114400400000145,-34.12489959999863
NL63,23,-38.113100000000045,-2.616399999999647,10.834999999999955,-3.1600346400000032,-40.729500000000144,7.674965360000009,-33.054534639999915
NL63,24,-35.174300000000045,-10.472700000000351,16.672499999999893,-3.707441999999997,-45.64700000000006,12.965057999999823,-32.681942000000916
NL63,25,-39.34539999999992,-2.637900000000098,9.42410000000003,-3.490914240000006,-41.983300000000476,5.933185760000066,-36.05011423999973
NL63,26,-40.55709999999991,-5.400800000000206,13.229900000000113,-3.5569900800000007,-45.957900000000464,9.672909920000148,-36.284990079998494
NL63,27,-46.506099999999954,-3.750199999999545,13.862599999999942,-4.055420880000002,-50.25630000000007,9.807179119999912,-40.449120880000834
NL63,28,-45.043399999999984,-4.079599999999392,14.058800000000199,-4.350223440000009,-49.12299999999995,9.708576560000374,-39.41442344000002
NL63,29,-43.24589999999997,-4.896099999999432,15.430100000000166,-4.3030224,-48.1419999999986,11.127077600000217,-37.014922399998156
NL63,30,-39.02049999999999,-10.46769999999945,17.55769999999981,-3.8396872800000015,-49.48820000000126,13.71801271999985,-35.77018728000072
NL63,31,-42.69089999999999,-3.8653000000000652,14.089899999999943,-4.049915039999998,-46.55620000000063,10.039984959999902,-36.51621504000027
NL63,32,-45.11230000000009,-3.8552999999999535,13.418400000000062,-3.665301839999999,-48.96760000000096,9.753098160000107,-39.21450184000062
NL63,33,-43.4673,-5.363199999999463,14.86899999999999,-3.905579520000006,-48.83049999999969,10.963420480000082,-37.86707951999824
NL63,34,-43.021399999999915,-6.833200000000215,15.029400000000004,-3.8374077600000005,-49.854600000001035,11.191992240000012,-38.662607760000796
NL63,35,-43.99029999999996,-6.391600000000139,14.987200000000053,-4.336215840000002,-50.38189999999999,10.650984159999922,-39.73091583999938
NL63,36,-40.33369999999992,-8.533999999999676,17.858200000000053,-4.089097439999996,-48.867699999999715,13.769102560000112,-35.09859743999869
NL63,37,-44.11920000000003,-8.017999999999734,17.30859999999983,-4.060178639999999,-52.13719999999931,13.248421359999824,-38.88877864000039
NL63,38,-43.75919999999995,-4.648699999999604,13.412599999999964,-4.0268239199999964,-48.40789999999876,9.385776080000074,-39.022123919998236
NL63,39,-44.56179999999998,-7.4026999999998075,16.17859999999989,-3.7339387199999976,-51.9644999999999,12.44466127999973,-39.519838719999264
NL63,40,-45.62359999999995,-5.566300000000165,15.701199999999998,-4.150887119999998,-51.18990000000001,11.550312880000142,-39.63958711999941
NL63,41,-41.98029999999994,-4.9196000000001945,14.507299999999791,-3.800544479999992,-46.89989999999889,10.706755519999806,-36.19314447999999
NL63,42,-46.18740000000005,-3.3348000000000297,13.098700000000004,-3.8115446399999957,-49.52219999999974,9.28715536000013,-40.23504464000029
NL63,43,-44.53689999999997,-5.43610000000033,17.02069999999993,-4.140809279999997,-49.97299999999939,12.879890719999905,-37.093109280000846
NL63,44,-43.60190000000006,-8.434100000000374,18.508000000000123,-4.246649279999998,-52.036000000000996,14.261350720000083,-37.774649280002734
NL63,45,-44.636900000000004,-9.817100000000085,17.97149999999997,-4.046637599999996,-54.453999999999525,13.924862399999888,-40.52913760000213
NL63,46,-38.35809999999997,-20.49109999999954,26.165300000000094,-4.031184239999998,-58.84920000000065,22.134115759999975,-36.71508424000022
NL63,47,-43.13960000000007,-6.659599999999703,16.827799999999996,-4.039293600000007,-49.79919999999853,12.788506400000085,-37.01069359999731
NL63,48,-44.28940000000007,-10.103700000000178,19.65819999999987,-4.321410480000001,-54.39310000000036,15.336789519999925,-39.05631047999975
NL63,49,-40.6944000000001,-7.363099999999594,18.086100000000073,-3.6590579999999986,-48.05749999999878,14.427042000000075,-33.6304579999978
NL63,50,-45.1729000000001,-7.986599999999722,16.835699999999918,-4.014269279999999,-53.159500000000506,12.821430719999977,-40.33806928000166
NL63,51,-43.36859999999995,-4.171300000000102,13.170400000000084,-4.270073759999999,-47.539900000000394,8.900326239999986,-38.6395737600004
NL63,52,-42.721100000000035,-6.222400000000281,14.278900000000073,-3.9264199199999985,-48.943500000000085,10.352480080000145,-38.591019919998125
NL63,53,-42.166800000000045,-4.680400000000432,14.172400000000058,-3.9584347199999987,-46.84719999999968,10.213965280000103,-36.633234719998896
NL63,54,-44.64370000000001,-3.9398999999999624,14.783199999999905,-4.073167439999995,-48.58359999999906,10.710032559999952,-37.87356743999774
NL63,55,-34.951900000000016,-3.440599999999936,11.628899999999872,-3.568548960000007,-38.39250000000018,8.060351039999759,-30.332148960002016
NL63,56,-46.382500000000014,-3.996599999999159,13.24919999999997,-4.02610752,-50.37909999999827,9.223092479999927,-41.156007519998575
NL63,57,-48.17739999999994,-6.229400000000357,15.36279999999984,-4.40718624,-54.40679999999939,10.955613759999897,-43.45118623999995
NL63,58,-34.725500000000025,-3.4694999999997584,10.931899999999942,-3.6694641599999995,-38.19499999999899,7.262435839999998,-30.932564160000126
NL63,59,-37.62990000000006,-5.648599999999934,13.063800000000029,-3.641261760000001,-43.27850000000011,9.422538240000014,-33.85596176000055
NL63,60,-39.6737,-8.920100000000179,16.090499999999807,-4.007435759999996,-48.59379999999972,12.083064239999874,-36.510735759999164
NL63,61,-39.36730000000004,-7.371600000000463,17.38280000000016,-3.813812639999998,-46.73889999999914,13.568987360000358,-33.16991263999764
NL63,62,-42.84779999999997,-5.266400000000374,14.016000000000089,-3.860285039999998,-48.1142,10.155714960000225,-37.95848503999955
NL63,63,-34.84820000000001,-2.436699999999977,8.815699999999918,-2.9858688000000018,-37.28489999999988,5.829831199999894,-31.455068800000433
NL63,64,-36.777100000000004,-7.701000000000359,15.841100000000099,-3.6366422399999974,-44.478100000000246,12.204457760000215,-32.27364224000049
NL63,65,-38.19119999999997,-6.525299999999888,13.198199999999856,-3.7833724800000006,-44.71650000000099,9.414827519999756,-35.30167248000214
NL63,66,-41.66460000000001,-6.67999999999957,15.706199999999948,-4.11446952,-48.344599999999126,11.591730479999962,-36.75286951999962
NL63,67,-40.571200000000005,-6.398199999999957,15.563599999999854,-3.918270959999996,-46.9694000000003,11.645329039999751,-35.324070959999865
NL63,68,-43.13499999999998,-6.147700000000047,13.358599999999965,-3.9181032000000067,-49.28270000000127,9.44049679999996,-39.842203199999034
NL63,69,-39.367599999999925,-7.900199999999785,14.46289999999994,-3.6206359199999993,-47.26780000000005,10.84226407999987,-36.42553592000109
NL63,70,-41.361299999999964,-2.67560000000012,11.443399999999897,-4.060754640000002,-44.036899999998944,7.3826453599998665,-36.65425463999885
NL63,71,-41.40430000000002,-6.867099999999649,14.424200000000084,-3.776093280000003,-48.271400000000355,10.648106720000152,-37.62329327999975
NL63,72,-37.45160000000001,-7.43340000000028,14.157200000000001,-3.7588730400000063,-44.88500000000075,10.39832695999998,-34.486673040001904
NL63,73,-41.222800000000056,-7.053099999999791,14.457699999999804,-3.9264904800000076,-48.275899999999616,10.531209519999747,-37.74469047999987
NL63,74,-40.97229999999994,-8.12229999999997,14.917299999999933,-3.677250960000002,-49.09460000000014,11.240049039999796,-37.854550959998754
NL63,75,-41.23459999999996,-2.959000000000369,10.605099999999961,-3.8353586400000075,-44.193600000001126,6.7697413599998395,-37.42385864000083
NL63,76,-43.21629999999997,-5.221700000000599,15.052499999999894,-3.8933539199999916,-48.438000000000685,11.159146079999838,-37.27885391999993
NL63,77,-35.346199999999946,-10.317899999999536,15.957699999999889,-3.648611520000004,-45.66409999999823,12.309088480000105,-33.35501151999653
NL63,78,-38.72139999999995,-7.204800000000713,14.691600000000024,-3.726127439999997,-45.92620000000135,10.965472560000077,-34.960727440002415
NL63,79,-38.199600000000046,-8.840600000000212,15.61539999999996,-3.6950565599999967,-47.04020000000094,11.920343440000007,-35.11985656000093
NL63,80,-38.54560000000001,-18.240799999999453,23.293000000000106,-3.801785039999996,-56.78639999999923,19.491214960000168,-37.29518503999975
NL63,81,-39.955000000000005,-7.302100000000074,15.913600000000159,-3.687832800000007,-47.25710000000031,12.225767200000139,-35.03133279999858
NL63,82,-39.03530000000003,-2.7245999999999206,10.120000000000097,-3.8255414399999963,-41.75989999999983,6.294458560000072,-35.46544143999931
NL63,83,-38.3004000000001,-5.119900000000275,11.878499999999885,-3.7230811199999962,-43.42030000000004,8.155418880000038,-35.264881120000226
NL63,84,-34.44860000000001,-6.404399999999367,13.220899999999935,-3.423268800000003,-40.8529999999995,9.79763119999984,-31.055368799998973
NL63,85,-41.96439999999997,-9.590299999999907,17.395500000000066,-3.544186319999999,-51.55469999999998,13.851313680000104,-37.70338632000057
NL63,86,-34.54939999999999,-15.306899999999416,23.785900000000012,-3.8912025600000013,-49.85629999999907,19.894697440000037,-29.961602559998575
NL63,87,-37.54150000000005,-0.9551000000005274,11.329999999999941,-3.9930832800000036,-38.49660000000035,7.336916720000136,-31.159683280000436
NL63,88,-34.09069999999998,-3.035500000000134,11.684100000000072,-3.7488751200000014,-37.126200000000225,7.9352248799999145,-29.190975120001447
NL63,89,-34.115299999999976,-3.5230999999998147,12.580600000000011,-3.8868955199999964,-37.638400000000246,8.693704479999965,-28.94469551999937
NL63,90,-35.561100000000025,-0.5517999999997336,10.45589999999999,-3.965019840000007,-36.112900000000096,6.490880159999842,-29.622019839999567
NL63,91,-37.87389999999998,-2.956200000000642,11.196300000000122,-3.69924768,-40.83010000000153,7.497052320000043,-33.333047680002394
NL63,92,-30.27710000000004,-5.422800000000034,12.060299999999943,-3.353339519999999,-35.699899999999275,8.706960480000044,-26.992939519999233
NL63,93,-32.549000000000085,-6.037000000000429,14.160799999999963,-3.810995999999997,-38.586000000000624,10.349804000000008,-28.236196000000383
NL63,94,-32.68310000000008,-2.454199999999748,10.378400000000013,-3.910129919999997,-35.13729999999938,6.468270079999831,-28.669029919999318
NL63,95,-35.25809999999994,0.3006999999997433,7.960899999999986,-3.609270000000002,-34.95740000000077,4.351630000000062,-30.60577000000025
NL63,96,-33.08290000000002,2.9788999999995447,5.5253000000000085,-3.512440080000001,-30.104000000000475,2.0128599200000714,-28.091140080000173
NL63,97,-30.89409999999999,0.06280000000014851,6.640999999999906,-3.6312876000000025,-30.831299999999388,3.0097123999998114,-27.82158760000003
NL63,98,-31.262800000000027,-6.416500000000131,12.725099999999994,-4.097091599999997,-37.67930000000004,8.628008399999997,-29.051291600001868
NL63,99,-33.437000000000026,-7.209299999999487,15.052900000000006,-4.316770079999996,-40.64629999999917,10.736129919999833,-29.910170079998437
229E,0,-20.526999999999994,-0.2862000000009175,5.327800000000099,-2.000967119999995,-20.813200000000457,3.3268328800002536,-17.486367120001105
229E,1,-23.297500000000092,-3.4108000000002505,8.80269999999997,-2.6114378399999953,-26.708300000000456,6.19126215999996,-20.517037840000953
229E,2,-21.745399999999965,1.0083000000001796,4.952900000000115,-3.015066959999992,-20.73710000000024,1.9378330400001094,-18.799266960001724
229E,3,-22.11939999999992,1.7040999999995066,2.9467000000000247,-2.03132952,-20.41529999999962,0.9153704800002025,-19.499929519999874
229E,4,-23.47920000000002,0.903000000001434,4.596900000000151,-2.5836919200000095,-22.576199999999496,2.0132080799999628,-20.56299191999839
229E,5,-20.078399999999913,-3.9123999999999874,7.741399999999938,-1.7964359999999915,-23.990800000000128,5.944963999999784,-18.045835999998076
229E,6,-20.82100000000002,1.364300000000597,2.858100000000066,-2.1822789600000005,-19.45669999999908,0.6758210400001232,-18.780878960000095
229E,7,-22.442099999999947,-1.1523000000007144,5.878799999999947,-2.259349920000005,-23.594400000000775,3.619450079999991,-19.97494992000169
229E,8,-25.434399999999908,-4.629399999999066,11.041399999999928,-2.507396400000007,-30.063799999998974,8.534003600000007,-21.529796399999192
229E,9,-25.28629999999996,-0.7561000000009628,6.370399999999927,-2.440103039999992,-26.042400000000924,3.93029695999995,-22.112103040001884
229E,10,-25.11569999999996,1.3529000000005347,3.4887000000001933,-2.3878188000000007,-23.762800000000222,1.1008812000002202,-22.661918799999093
229E,11,-20.998700000000007,1.2920999999999232,3.260400000000068,-2.060515439999998,-19.70659999999997,1.1998845600001342,-18.506715440000974
229E,12,-24.605199999999904,-0.30159999999971987,6.55199999999998,-2.9517983999999973,-24.90679999999917,3.600201599999883,-21.30659839999951
229E,13,-29.111000000000036,7.179700000000036,0.8819999999999713,-2.8469116800000007,-21.931299999999773,-1.9649116800000215,-23.896211679998885
229E,14,-26.472100000000008,-3.241299999999214,10.952800000000083,-2.9171008799999942,-29.713399999999904,8.035699120000125,-21.67770088000205
229E,15,-28.63779999999997,0.5850999999991728,5.660000000000071,-2.5890019200000003,-28.052700000000684,3.0709980800001704,-24.981701919999836
229E,16,-23.22360000000007,-2.7954999999991372,8.322600000000007,-2.804089680000007,-26.019099999999433,5.518510320000164,-20.500589680000402
229E,17,-20.34390000000002,-2.9067999999998406,7.8369999999999855,-2.209086719999999,-23.25069999999986,5.62791328000003,-17.622786720000747
229E,18,-26.01080000000003,1.9999999999987175,4.501399999999961,-2.5876245599999943,-24.01080000000177,1.9137754400000233,-22.097024559999923
229E,19,-23.824899999999925,-2.508800000001056,6.80820000000007,-2.377773360000006,-26.33370000000064,4.430426640000093,-21.903273360000547
229E,20,-21.733200000000092,0.3704999999997227,4.550499999999898,-2.1574418399999993,-21.362700000001393,2.39305816000007,-18.969641840002232
229E,21,-26.16520000000007,-4.93869999999869,10.184100000000027,-2.8146146399999985,-31.10389999999819,7.369485360000207,-23.734414640000708
229E,22,-25.06660000000009,-7.270899999999848,14.068800000000033,-2.5706944800000096,-32.337500000000844,11.498105520000173,-20.83939448000067
229E,23,-30.582800000000052,0.07420000000125171,7.207599999999946,-2.8740211199999997,-30.508599999999255,4.333578880000102,-26.175021119999606
229E,24,-32.596399999999996,-8.38570000000016,16.068799999999836,-3.0460269599999994,-40.98210000000049,13.022773039999937,-27.95932696000306
229E,25,-29.522099999999984,-8.23759999999955,15.538300000000092,-2.9081289600000013,-37.75970000000033,12.630171040000105,-25.129528959998403
229E,26,-30.75869999999997,-0.6809999999994751,8.717899999999984,-2.8775440800000003,-31.43970000000081,5.840355920000048,-25.599344080003945
229E,27,-28.923399999999937,-10.977700000001622,16.268399999999936,-2.712130560000001,-39.90110000000145,13.556269439999923,-26.344830560002883
229E,28,-30.249400000000037,1.8637000000008719,6.853699999999998,-2.8175241600000054,-28.385699999998373,4.036175839999901,-24.349524159997564
229E,29,-29.51039999999993,-9.491500000001288,16.07720000000009,-2.713847039999999,-39.00190000000167,13.363352960000196,-25.638547040001022
229E,30,-28.98790000000007,-3.480500000000255,11.254700000000014,-2.786149440000007,-32.46839999999976,8.468550559999972,-23.999849439999338
229E,31,-29.967900000000025,1.216099999999468,7.621200000000162,-2.888303040000002,-28.751800000000785,4.732896960000259,-24.018903040000303
229E,32,-25.621300000000033,-4.808899999999934,10.309199999999867,-2.272154400000007,-30.430199999999516,8.037045599999797,-22.393154399999034
229E,33,-28.241300000000006,-9.411800000000884,15.810900000000151,-3.219081840000001,-37.65310000000112,12.591818160000107,-25.06128184000101
229E,34,-29.603199999999948,-7.890599999999871,15.46020000000006,-2.7377244000000007,-37.49380000000028,12.722475600000138,-24.771324399999678
229E,35,-25.62009999999993,-2.7480000000008182,9.588499999999932,-2.6203240800000027,-28.368099999999842,6.968175919999723,-21.399924079999664
229E,36,-31.243500000000058,-3.412699999999994,10.956200000000052,-2.8870300799999997,-34.656200000000965,8.069169920000075,-26.587030079999757
229E,37,-31.168099999999964,-5.979099999999782,13.084900000000065,-3.050771759999997,-37.14720000000031,10.034128240000118,-27.113071759999514
229E,38,-28.10339999999999,-6.855400000000543,14.356499999999878,-2.949034320000002,-34.95880000000122,11.407465679999797,-23.551334320000734
229E,39,-29.294799999999995,-6.54870000000054,14.169800000000006,-3.2461603199999978,-35.84349999999917,10.923639680000043,-24.91986031999822
229E,40,-30.59379999999999,-7.895699999999618,14.779999999999914,-2.709027359999997,-38.48949999999972,12.070972639999846,-26.41852735999897
229E,41,-30.85890000000007,-11.500800000001064,18.473400000000105,-2.957416559999998,-42.35970000000068,15.515983440000035,-26.843716560000416
229E,42,-30.140599999999946,-8.600099999999344,14.91650000000004,-2.9092859999999994,-38.74069999999952,12.007213999999976,-26.733485999999772
229E,43,-25.80790000000004,-6.2538999999990885,11.272700000000047,-2.5601904000000038,-32.0617999999989,8.712509600000057,-23.349290399999525
229E,44,-29.850999999999985,-3.994199999999452,11.22689999999989,-3.097368000000001,-33.84519999999864,8.129531999999882,-25.7156679999974
229E,45,-28.01779999999995,1.8372000000002515,5.894300000000037,-2.5779952799999974,-26.180600000000155,3.3163047199999394,-22.864295280001123
229E,46,-29.46139999999998,0.5603000000002858,6.618100000000098,-2.841144479999997,-28.90110000000083,3.7769555200001292,-25.12414448000184
229E,47,-27.03670000000006,-6.867900000000091,14.522700000000059,-2.949983999999994,-33.90460000000004,11.572716000000016,-22.331884000000706
229E,48,-31.64300000000001,-6.5774000000005195,13.989500000000017,-3.2644209600000056,-38.22040000000053,10.725079039999876,-27.495320959999063
229E,49,-29.572300000000066,-4.449199999999099,12.032899999999946,-3.173051519999999,-34.02149999999928,8.859848480000032,-25.161651519997427
229E,50,-27.822100000000013,-7.241799999998715,15.358200000000025,-2.8082332799999996,-35.06389999999986,12.549966719999933,-22.513933280000842
229E,51,-28.07630000000002,-1.905200000000466,9.301200000000138,-2.663616239999998,-29.98149999999992,6.637583760000169,-23.34391623999884
229E,52,-30.544800000000002,-9.211399999998765,16.672500000000053,-2.950349759999999,-39.756199999998884,13.722150240000076,-26.03404975999858
229E,53,-27.168500000000037,-2.2791000000005397,8.880100000000068,-2.8710676800000003,-29.447600000000804,6.0090323200000455,-23.43856768000235
229E,54,-29.342100000000016,-7.212400000000095,15.541499999999902,-2.858623200000003,-36.554499999999656,12.682876799999885,-23.871623199998865
229E,55,-29.264599999999977,-8.455100000000186,15.329300000000165,-2.7873086399999973,-37.71969999999959,12.541991360000246,-25.177708639998215
229E,56,-28.33579999999995,-12.567900000000524,18.948100000000018,-2.816410320000001,-40.90370000000058,16.13168967999993,-24.772010320000888
229E,57,-31.019100000000005,-8.168299999999753,16.814500000000034,-2.9786716799999966,-39.18739999999953,13.835828319999989,-25.351571679998408
229E,58,-28.905200000000036,-8.116199999999946,14.677500000000032,-2.8318471200000035,-37.02140000000021,11.84565288000002,-25.17574712000019
229E,59,-25.64010000000006,-3.9415000000003246,11.221699999999998,-2.5914362400000046,-29.581599999999703,8.630263759999853,-20.951336239999627
229E,60,-29.62989999999995,-0.5245000000004616,8.397000000000016,-2.855757600000002,-30.154400000000297,5.5412424000000495,-24.613157600000022
229E,61,-24.606699999999993,-5.055299999999011,11.39940000000001,-2.6817170400000037,-29.661999999999573,8.717682960000149,-20.94431703999897
229E,62,-28.305499999999952,-1.660899999999259,8.661700000000035,-2.773914479999991,-29.966399999998643,5.887785520000094,-24.07861447999786
229E,63,-30.987499999999983,-3.3953999999990216,10.678200000000071,-2.852495279999999,-34.382899999999346,7.825704720000029,-26.5571952799975
229E,64,-32.32339999999999,-2.3426999999998763,10.31180000000002,-3.1818744000000008,-34.66609999999919,7.129925600000103,-27.5361743999984
229E,65,-30.346899999999923,-0.5300999999996918,8.041000000000153,-3.138523919999996,-30.876999999998933,4.9024760800002145,-25.974523919999854
229E,66,-27.466499999999968,-10.622700000001032,18.438299999999998,-2.6724643200000053,-38.08920000000214,15.765835679999865,-22.323364319999087
229E,67,-27.5561,-5.92260000000072,12.577899999999891,-2.7332143200000014,-33.47870000000072,9.844685679999811,-23.634014320001135
229E,68,-28.251799999999953,-10.05700000000133,16.811899999999863,-2.8598623199999933,-38.30880000000265,13.952037679999968,-24.356762320002446
229E,69,-25.892000000000085,-3.9553000000001433,9.704099999999984,-2.641303439999997,-29.84729999999875,7.062796560000137,-22.784503439997245
229E,70,-33.844899999999996,-5.917800000000142,13.932200000000098,-3.2132555999999997,-39.762699999999,10.718944400000119,-29.04375560000092
229E,71,-31.09159999999994,-4.526699999998897,12.515699999999999,-3.154269599999999,-35.61829999999907,9.361430399999943,-26.256869599997756
229E,72,-30.968399999999896,-6.450100000000173,13.274299999999906,-3.0082636800000047,-37.418500000000186,10.266036319999873,-27.152463680000544
229E,73,-31.40070000000001,2.799199999999587,6.139500000000121,-2.9872274399999994,-28.601499999999287,3.1522725600002133,-25.449227439997706
229E,74,-26.981099999999913,-14.135500000000647,19.040699999999973,-2.8452715199999985,-41.11660000000215,16.19542848000001,-24.921171520002595
229E,75,-26.606300000000022,-7.200099999998894,13.966299999999888,-2.740804559999996,-33.806399999998916,11.225495439999914,-22.580904560000818
229E,76,-32.90610000000003,-5.989699999999981,14.073800000000082,-3.154177440000003,-38.89580000000046,10.919622560000064,-27.976177440000406
229E,77,-29.951900000000002,-10.136900000000658,17.213200000000054,-2.6316475199999974,-40.088800000000205,14.581552480000205,-25.507247520000902
229E,78,-29.985800000000054,-11.362999999998653,18.193899999999893,-2.907548640000004,-41.348799999998704,15.28635135999987,-26.062448639998607
229E,79,-23.0443,-6.82149999999989,13.568200000000006,-2.5986650399999918,-29.865800000000917,10.969534960000093,-18.896265040001737
229E,80,-28.648199999999967,-3.9126999999988428,11.947399999999934,-2.7582163200000034,-32.56089999999779,9.189183679999982,-23.371716319998264
229E,81,-33.88430000000001,2.8023000000006775,7.944399999999961,-3.2145148800000056,-31.08200000000002,4.72988512000002,-26.352114880000222
229E,82,-27.159700000000008,-10.37839999999952,17.584600000000002,-2.236148639999999,-37.53809999999941,15.34845136000018,-22.189648639998772
229E,83,-25.993799999999997,0.3107000000011375,8.935600000000116,-2.60443152,-25.683099999998632,6.331168480000052,-19.351931519999944
229E,84,-22.751,-17.380699999999194,23.38350000000001,-2.573976239999998,-40.13169999999863,20.809523760000047,-19.322176239997674
229E,85,-19.907799999999927,-20.317599999999594,22.697800000000058,-2.3103316799999947,-40.22539999999918,20.387468320000092,-19.83793167999955
229E,86,-24.563700000000033,-5.159799999999894,13.413000000000098,-2.486412720000003,-29.723500000000836,10.926587280000124,-18.79691272000162
229E,87,-18.82769999999996,-3.086700000001528,8.353700000000028,-1.7502566400000052,-21.914400000001944,6.603443360000037,-15.310956640000995
229E,88,-21.938899999999926,-3.002699999999969,8.915599999999976,-2.176434719999993,-24.941599999999667,6.739165280000048,-18.202434719999168
229E,89,-20.62199999999998,-1.843799999998545,6.433699999999838,-1.9188712800000034,-22.465799999999888,4.514828719999864,-17.95097128000139
229E,90,-15.184400000000057,0.09259999999901325,4.405299999999782,-1.8136994399999988,-15.091800000001726,2.5916005599999252,-12.500199440002937
229E,91,-22.61540000000003,-3.852500000000756,8.58379999999994,-2.2403635200000003,-26.467900000000558,6.343436479999854,-20.12446351999934
229E,92,-15.959500000000045,-1.062100000000573,4.956999999999944,-1.8500342399999936,-17.021599999999367,3.106965760000085,-13.914634239998144
229E,93,-22.004600000000025,-1.1318999999991455,7.356599999999911,-2.1958488000000007,-23.136499999998716,5.160751199999719,-17.975748800000815
229E,94,-24.845899999999983,2.4704000000009216,4.671399999999835,-2.3238827999999985,-22.37549999999963,2.347517199999638,-20.02798280000159
229E,95,-26.13689999999998,5.945399999998791,0.5239000000001237,-2.7733464000000048,-20.191500000001415,-2.249446400000087,-22.440946400001053
229E,96,-28.256299999999978,0.9418000000014182,6.150100000000133,-2.9521864799999924,-27.314499999998105,3.1979135200002755,-24.1165864799976
229E,97,-23.83950000000003,-3.3516999999998625,8.040899999999889,-2.4385046399999974,-27.19120000000046,5.602395359999926,-21.58880464000167
229E,98,-22.68289999999997,-1.2359999999998763,7.501399999999958,-2.701265040000004,-23.91890000000019,4.800134960000095,-19.118765040000774
229E,99,-24.259800000000034,1.4919999999995213,4.526600000000155,-2.4636261600000013,-22.767800000000513,2.0629738400002537,-20.704826160000948
HKU1,0,-26.31079999999981,-0.2136999999975835,5.881200000000025,-2.806649279999998,-26.524499999997843,3.0745507199997846,-23.449949279999878
HKU1,1,-23.230999999999945,0.2655000000008201,5.701400000000028,-2.7277754400000127,-22.965500000001853,2.9736245599998163,-19.99187544000658
HKU1,2,-22.679899999999716,-0.03840000000059973,5.951399999999797,-2.7939031199999937,-22.71829999999986,3.157496880000158,-19.56080312000107
HKU1,3,-21.91540000000008,0.3091999999980395,6.438100000000285,-2.7341481599999886,-21.606200000002495,3.7039518400000837,-17.90224816000287
HKU1,4,-19.689800000000055,1.328899999998331,3.7215000000000167,-2.412122400000001,-18.36089999999945,1.3093775999999586,-17.0515223999954
HKU1,5,-24.53060000000024,2.278899999999254,3.315299999999988,-2.7511646399999896,-22.251700000000532,0.5641353599999839,-21.68756464000146
HKU1,6,-23.570299999999715,-3.1516000000021656,7.733600000000033,-2.5110331199999996,-26.72190000000188,5.222566879999949,-21.499333120000117
HKU1,7,-23.051599999999866,1.7059999999994595,3.456499999999986,-2.6675063999999984,-21.3455999999995,0.7889935999998592,-20.55660639999919
HKU1,8,-23.998199999999954,1.1918000000001996,4.402499999999971,-2.518084800000002,-22.80640000000021,1.8844151999997987,-20.921984799999954
HKU1,9,-23.233099999999947,0.5434999999982786,5.653099999999796,-2.405742480000006,-22.689600000002123,3.2473575199999747,-19.44224248000215
HKU1,10,-22.65579999999988,1.132799999998177,5.125800000000041,-2.3738817599999824,-21.522999999999882,2.7519182399997177,-18.771081759996527
HKU1,11,-21.003199999999804,-0.37379999999894764,5.139599999999792,-2.3594522399999995,-21.376999999997842,2.780147759999849,-18.596852239998896
HKU1,12,-23.682499999999937,-2.243999999999918,8.463399999999732,-3.0559039200000067,-25.9264999999994,5.407496079999739,-20.519003919996024
HKU1,13,-24.072099999999764,-0.6603000000006745,8.147000000000101,-2.7091835999999936,-24.732399999997256,5.437816399999951,-19.294583599998667
HKU1,14,-34.49079999999992,-5.1166000000023395,12.455000000000274,-2.7998704800000027,-39.60740000000362,9.65512952000064,-29.95227048000617
HKU1,15,-31.917800000000067,-0.5798999999993697,8.44059999999964,-2.8796644800000077,-32.497700000001714,5.56093551999993,-26.936764480004058
HKU1,16,-27.45899999999965,0.82739999999826,7.412700000000141,-2.8474797600000015,-26.631600000000937,4.565220240000211,-22.066379760001176
HKU1,17,-32.13039999999963,-0.21529999999835425,7.524399999999961,-2.9156796000000034,-32.34569999999662,4.608720399999914,-27.73697959999579
HKU1,18,-31.106899999999836,0.4500000000005109,7.099899999999831,-2.3874832800000116,-30.65689999999705,4.712416720000174,-25.94448327999551
HKU1,19,-21.848300000000318,-2.5868999999994706,7.361600000000218,-2.3631033600000104,-24.435200000001153,4.998496640000278,-19.436703360000422
HKU1,20,-28.01100000000002,-0.3406000000012739,7.792700000000211,-2.757544559999984,-28.351599999998566,5.0351554400002705,-23.316444560000114
HKU1,21,-29.241500000000137,-4.386500000000577,10.407700000000023,-2.5418577600000036,-33.628000000002075,7.865842240000005,-25.76215776000526
HKU1,22,-28.582500000000298,0.8523999999976439,7.403100000000229,-2.4437930399999934,-27.73010000000129,4.959306960000307,-22.770793040001443
HKU1,23,-26.60219999999987,-1.9588999999990335,8.751900000000091,-2.6021124000000078,-28.561099999997083,6.149787599999884,-22.411312399998565
HKU1,24,-27.206699999999937,-2.377300000001931,9.296000000000165,-2.5095455999999983,-29.58400000000096,6.786454399999926,-22.797545600001484
HKU1,25,-26.141500000000374,-3.0877000000006944,10.225799999999962,-2.435105520000003,-29.22920000000425,7.790694480000216,-21.43850552000358
HKU1,26,-29.67020000000027,-5.91829999999953,11.825599999999914,-2.7330595199999914,-35.58849999999889,9.092540479999538,-26.495959519996617
HKU1,27,-25.770699999999973,-1.8073999999987294,7.187400000000199,-2.536165439999993,-27.578099999996883,4.6512345600003915,-22.926865439993307
HKU1,28,-26.145100000000024,-3.837699999999302,9.107899999999868,-2.5152170400000045,-29.98279999999887,6.592682959999678,-23.390117040000554
HKU1,29,-26.28880000000004,-4.017999999997066,8.972099999999864,-2.5839107999999937,-30.306799999997107,6.388189199999786,-23.91861079999459
HKU1,30,-29.279299999999918,1.403799999999464,5.3465000000001215,-2.680285680000012,-27.87550000000091,2.6662143199999395,-25.209285680003696
HKU1,31,-33.42079999999998,1.6244000000000192,6.414499999999789,-2.8136462400000037,-31.796400000000872,3.600853760000126,-28.195546239999835
HKU1,32,-26.80979999999981,1.5036000000012208,5.60839999999987,-2.5637248799999997,-25.30619999999677,3.0446751199997983,-22.26152487999652
HKU1,33,-28.000800000000126,0.2535000000004821,6.778699999999958,-2.585379599999999,-27.74729999999737,4.193320399999887,-23.553979599997476
HKU1,34,-30.18559999999985,1.431599999999424,5.706699999999923,-2.9323007999999975,-28.753999999999515,2.774399199999827,-25.979600799997876
HKU1,35,-26.98270000000001,-0.8948999999999607,6.74659999999985,-2.674583999999997,-27.877600000001788,4.072015999999724,-23.805584000000245
HKU1,36,-28.01320000000022,2.0372999999995933,3.942899999999808,-2.927035440000008,-25.97589999999972,1.0158645599997005,-24.960035440000013
HKU1,37,-34.11600000000008,1.4910000000004366,6.234900000000339,-3.0983587199999967,-32.624999999996916,3.1365412800000296,-29.488458719996885
HKU1,38,-27.16999999999997,1.5334999999989698,4.500800000000032,-2.957159519999995,-25.636500000002364,1.5436404799999082,-24.092859520002
HKU1,39,-28.14519999999979,-0.14689999999849235,7.198999999999945,-2.683239120000001,-28.29209999999783,4.515760879999659,-23.77633911999954
HKU1,40,-24.4236999999999,-0.6189000000009095,7.637100000000132,-2.78922456,-25.042600000000355,4.847875440000031,-20.19472455999623
HKU1,41,-31.02329999999975,-0.35639999999835226,7.518800000000059,-3.0002983200000046,-31.379699999997193,4.518501679999771,-26.86119831999833
HKU1,42,-31.064500000000397,-0.4989000000005426,7.909999999999869,-3.3770800800000034,-31.563400000003213,4.532919919999582,-27.030480079998632
HKU1,43,-26.351300000000233,-0.9109000000012273,7.375099999999829,-2.700354240000003,-27.262200000001915,4.6747457599998405,-22.58745424000344
HKU1,44,-33.8276,-1.333499999999436,8.316100000000027,-3.100590719999997,-35.16109999999989,5.215509279999846,-29.945590719997774
HKU1,45,-32.36040000000017,1.1255000000028517,6.2966999999999675,-3.1362199199999967,-31.234899999996408,3.1604800800002835,-28.074419919999308
HKU1,46,-33.89700000000016,-1.4763999999997424,8.217599999999724,-3.2880031199999866,-35.373399999998085,4.929596880000078,-30.4438031199971
HKU1,47,-36.902,1.4755000000000287,7.450199999999921,-3.0851308800000043,-35.42649999999634,4.365069119999902,-31.061430879996884
HKU1,48,-27.79019999999992,1.495199999999155,4.1986999999999295,-3.3368544000000004,-26.294999999999856,0.8618456000002848,-25.433154400002756
HKU1,49,-29.74590000000006,1.5380000000011051,5.3822000000004415,-2.947322879999987,-28.20789999999759,2.434877120000184,-25.773022879994677
HKU1,50,-27.98039999999982,-2.056999999998311,8.720400000000105,-2.6090121600000025,-30.037399999999494,6.111387840000216,-23.92601215999882
HKU1,51,-34.20729999999997,0.4883999999982258,6.364500000000016,-3.348390239999988,-33.718899999999465,3.0161097600004396,-30.70279023999857
HKU1,52,-30.9852999999997,2.384899999998801,5.228600000000032,-3.2231584800000044,-28.600399999998626,2.0054415199999998,-26.594958480001353
HKU1,53,-34.26210000000009,-0.26560000000065287,8.013599999999915,-2.8594749600000027,-34.52770000000029,5.154125039999613,-29.373574959998393
HKU1,54,-30.78789999999958,-0.0505999999997897,6.956400000000174,-2.921114160000005,-30.838499999998007,4.035285840000141,-26.803214159999683
HKU1,55,-27.886999999999734,1.360399999997881,6.623499999999929,-3.017971439999997,-26.526600000003672,3.605528559999705,-22.921071439999423
HKU1,56,-35.32209999999998,2.0325999999998317,6.87599999999987,-3.120128640000005,-33.28949999999742,3.7558713599995954,-29.53362863999692
HKU1,57,-30.86279999999969,-3.912799999998782,11.624899999999966,-2.752270560000011,-34.77559999999848,8.872629439999727,-25.902970559999204
HKU1,58,-32.37220000000009,-3.575500000000691,12.104100000000303,-2.8665309599999915,-35.94770000000033,9.237569040000468,-26.7101309599985
HKU1,59,-33.830500000000086,-0.7159999999999194,7.656300000000202,-2.9949076799999834,-34.54650000000228,4.661392320000262,-29.885107680002932
HKU1,60,-30.680899999999937,-1.4252000000007001,8.588800000000031,-2.858129279999991,-32.10609999999882,5.730670719999813,-26.37542927999673
HKU1,61,-27.601099999999906,-4.963300000002697,10.931799999999978,-2.780034479999991,-32.564400000003516,8.151765519999675,-24.412634480006112
HKU1,62,-31.67180000000029,0.9229999999994014,6.4821000000003135,-2.997501119999994,-30.748800000001797,3.484598880000206,-27.264201120005687
HKU1,63,-30.07999999999965,0.3917999999992823,5.394900000000407,-3.4377645599999966,-29.688199999999917,1.9571354400000693,-27.73106455999985
HKU1,64,-39.97330000000022,2.3937000000010897,7.231399999999635,-3.7622476799999993,-37.57959999999731,3.4691523199996777,-34.11044767999854
HKU1,65,-32.37360000000022,1.17599999999781,5.283999999999903,-3.01327776,-31.197600000001504,2.2707222400001594,-28.9268777600018
HKU1,66,-28.947999999999798,0.6592999999980051,6.085400000000387,-3.43654919999999,-28.28870000000361,2.6488508000002113,-25.639849200003397
HKU1,67,-32.171499999999845,2.8547000000008715,5.517199999999832,-3.1783262400000085,-29.316799999995332,2.3388737599998093,-26.977926239992797
HKU1,68,-26.8083000000002,-3.626799999999495,10.308199999999948,-2.485928880000007,-30.435100000000606,7.822271119999927,-22.61282887999841
HKU1,69,-23.595099999999974,-1.623199999999457,7.097200000000019,-2.333149200000009,-25.21829999999852,4.764050800000067,-20.454249199998003
HKU1,70,-33.33170000000024,-1.222899999997928,8.852899999999794,-3.36715775999999,-34.5545999999959,5.485742239999947,-29.068857760000043
HKU1,71,-25.363900000000108,-1.6118999999988652,8.194200000000057,-2.4021820799999913,-26.975800000001698,5.792017920000038,-21.18378208000029
HKU1,72,-24.141100000000073,-1.1688000000024275,6.595600000000122,-2.535814800000006,-25.30990000000159,4.059785200000414,-21.250114800002088
HKU1,73,-30.7319999999999,-2.022700000000466,9.942600000000233,-3.186125280000003,-32.75470000000128,6.7564747200000745,-25.99822528000211
HKU1,74,-23.079099999999638,-3.919899999999757,8.912800000000045,-2.4586574399999805,-26.998999999996666,6.454142560000477,-20.544857439996647
HKU1,75,-29.201400000000024,-2.8841999999998897,9.846799999999961,-3.1394188799999876,-32.08559999999946,6.7073811200001,-25.37821887999572
HKU1,76,-32.332199999999915,-2.4372999999996026,8.290199999999816,-3.0458440800000037,-34.76950000000043,5.24435591999994,-29.525144079995485
HKU1,77,-27.88359999999992,-2.5273999999973107,11.372800000000142,-2.785875840000001,-30.41099999999632,8.58692416000024,-21.824075840000177
HKU1,78,-25.583899999999872,-3.0470999999996344,8.76129999999991,-2.4103144800000034,-28.6309999999986,6.350985519999835,-22.280014480001945
HKU1,79,-36.31179999999998,-3.9755999999979785,11.436499999999976,-3.018195360000012,-40.28739999999932,8.41830464000019,-31.869095360002774
HKU1,80,-28.018600000000134,-1.829999999997554,8.016999999999996,-2.5489274400000004,-29.848600000000417,5.468072559999854,-24.38052743999647
HKU1,81,-30.433199999999978,-5.846800000000908,12.731900000000266,-3.0021026399999937,-36.28000000000088,9.729797360000301,-26.55020264000604
HKU1,82,-32.07759999999971,-3.8299999999985843,10.523300000000045,-2.6808271199999947,-35.907599999999206,7.84247287999988,-28.06512712000069
HKU1,83,-35.454100000000224,1.7032999999974692,6.139500000000117,-3.1205073599999955,-33.7508000000023,3.018992640000093,-30.731807359999486
HKU1,84,-30.393700000000404,1.1003999999986682,5.526500000000114,-3.226262400000002,-29.293300000000826,2.3002375999998996,-26.99306240000184
HKU1,85,-32.79630000000026,-0.6350000000000051,7.865800000000016,-3.469348079999996,-33.4312999999989,4.396451920000105,-29.034848079996976
HKU1,86,-27.6720999999998,-2.7077000000007985,9.997100000000092,-3.143220479999997,-30.379800000001055,6.853879520000081,-23.525920480000977
HKU1,87,-33.244599999999735,-1.7634000000002494,8.77030000000023,-3.3364130400000067,-35.00799999999816,5.433886960000109,-29.574113039996234
HKU1,88,-29.21629999999996,-1.587999999997212,7.43579999999994,-3.2572389599999925,-30.804299999998992,4.178561039999849,-26.6257389599996
HKU1,89,-26.219100000000076,0.7059999999984292,4.851100000000217,-2.9186848800000007,-25.51310000000074,1.932415120000245,-23.58068487999595
HKU1,90,-33.682299999999984,-4.504799999998166,11.890599999999848,-3.4658820000000015,-38.187099999995425,8.424717999999789,-29.76238199999427
HKU1,91,-34.154800000000044,-2.6970000000017684,10.47270000000004,-3.648829679999993,-36.85180000000454,6.823870319999905,-30.027929680004632
HKU1,92,-31.03719999999978,-4.652699999997189,11.557599999999924,-3.2916348000000064,-35.689899999993784,8.265965199999805,-27.42393479999034
HKU1,93,-29.815300000000143,-5.845599999997958,12.75220000000023,-3.2324299199999826,-35.66089999999628,9.519770080000004,-26.141129919994455
HKU1,94,-32.30479999999978,-2.3935000000019606,11.37700000000019,-3.573316080000011,-34.69830000000037,7.803683920000378,-26.894616080000908
HKU1,95,-34.99019999999987,-6.506099999999272,14.867299999999817,-3.5355837600000064,-41.49630000000096,11.331716239999796,-30.164583760001157
HKU1,96,-29.22140000000024,1.553099999999045,4.788100000000133,-2.6537140799999865,-27.668300000003015,2.134385920000147,-25.533914080002866
HKU1,97,-28.414700000000046,-3.8463999999997043,10.36739999999991,-2.6670347999999975,-32.26109999999748,7.700365199999798,-24.560734799996766
HKU1,98,-24.94279999999998,-4.8039999999983465,10.06849999999989,-2.392315200000006,-29.74679999999878,7.676184799999614,-22.070615200000532
HKU1,99,-31.091799999999644,-7.296599999998918,13.03250000000013,-2.8206568800000067,-38.38839999999811,10.21184312000028,-28.176556879996006
